City_ID,City,Country,Date,Lat,Lng,Max Temp,Humidity,Cloudiness,Wind Speed
0,Berlevag,NO,2021-07-28 07:12:24,70.8578,29.0864,46.35,93,90,5.75
1,Atasu,KZ,2021-07-28 07:12:24,48.6814,71.6433,75.0,22,0,5.57
2,Kahului,US,2021-07-28 07:12:24,20.8947,-156.47,77.85,86,40,17.27
3,Atuona,PF,2021-07-28 07:12:25,-9.8,-139.0333,78.08,71,5,17.92
4,Vaini,TO,2021-07-28 07:12:25,-21.2,-175.2,69.96,78,75,8.05
5,Almeria,ES,2021-07-28 07:12:26,37.1667,-2.3333,77.14,48,0,0.78
6,Puerto Ayora,EC,2021-07-28 07:12:26,-0.7393,-90.3518,71.26,85,52,9.17
7,Aquiraz,BR,2021-07-28 07:09:28,-3.9014,-38.3911,78.89,88,13,9.98
8,Lagoa,PT,2021-07-28 07:12:27,39.05,-27.9833,70.99,87,100,8.93
9,Hilo,US,2021-07-28 07:12:27,19.7297,-155.09,73.8,94,90,0.0
10,Batagay,RU,2021-07-28 07:12:28,67.6333,134.6333,63.5,35,13,14.16
11,Cape Town,ZA,2021-07-28 07:11:01,-33.9258,18.4232,53.11,86,100,5.82
12,Yellowknife,CA,2021-07-28 07:11:21,62.456,-114.3525,52.32,81,88,1.01
13,Kapaa,US,2021-07-28 07:12:29,22.0752,-159.319,80.92,76,75,1.01
14,Saint George,US,2021-07-28 07:12:29,37.1041,-113.5841,83.62,45,1,1.01
15,Albany,US,2021-07-28 07:07:53,42.6001,-73.9662,64.62,92,87,3.13
16,Kalmunai,LK,2021-07-28 07:12:30,7.4167,81.8167,90.63,52,100,2.75
17,Aranos,NA,2021-07-28 07:12:30,-24.1333,19.1167,53.53,32,0,16.04
18,Mar Del Plata,AR,2021-07-28 07:09:11,-38.0023,-57.5575,44.13,51,80,23.0
19,Ushuaia,AR,2021-07-28 07:12:31,-54.8,-68.3,37.06,93,75,25.32
20,Hermanus,ZA,2021-07-28 07:12:31,-34.4187,19.2345,51.91,66,100,10.04
21,Punta Arenas,CL,2021-07-28 07:12:32,-53.15,-70.9167,42.91,93,75,27.63
22,Banjar,ID,2021-07-28 07:12:32,-8.19,114.9675,84.06,57,40,2.51
23,Massaguet,TD,2021-07-28 07:12:32,12.4755,15.4365,73.0,94,100,7.49
24,Port Elizabeth,ZA,2021-07-28 07:08:45,-33.918,25.5701,58.1,82,0,8.05
25,Savannah Bight,HN,2021-07-28 07:12:33,16.45,-85.85,82.0,73,73,22.88
26,Manono,CD,2021-07-28 07:12:33,-7.3,27.4167,77.13,31,9,9.6
27,Rock Springs,US,2021-07-28 07:09:59,41.5875,-109.2029,70.23,45,1,4.0
28,Rikitea,PF,2021-07-28 07:12:34,-23.1203,-134.9692,74.61,82,100,13.71
29,Rupert,US,2021-07-28 07:10:22,42.6191,-113.6772,76.89,50,40,8.05
30,Jaen,ES,2021-07-28 07:12:34,38.0,-3.5,77.94,43,0,0.78
31,Nicoya,CR,2021-07-28 07:12:35,10.1483,-85.452,73.92,93,83,2.06
32,Majene,ID,2021-07-28 07:12:35,-3.5403,118.9707,85.15,65,19,8.88
33,Mahebourg,MU,2021-07-28 07:12:35,-20.4081,57.7,68.25,79,98,22.93
34,Kysyl-Syr,RU,2021-07-28 07:12:36,63.8986,122.7617,78.04,37,0,7.76
35,Busselton,AU,2021-07-28 07:12:36,-33.65,115.3333,61.05,73,20,23.2
36,East London,ZA,2021-07-28 07:12:37,-33.0153,27.9116,63.5,75,100,7.94
37,Cabo San Lucas,MX,2021-07-28 07:12:37,22.8909,-109.9124,84.61,73,59,8.12
38,Saint-Philippe,RE,2021-07-28 07:12:38,-21.3585,55.7679,70.21,90,100,15.01
39,Te Anau,NZ,2021-07-28 07:12:38,-45.4167,167.7167,44.91,90,93,1.92
40,Lompoc,US,2021-07-28 07:12:38,34.6391,-120.4579,62.28,84,90,3.44
41,Nikolskoye,RU,2021-07-28 07:12:39,59.7035,30.7861,77.02,55,100,5.55
42,Talavera De La Reina,ES,2021-07-28 07:12:39,39.9635,-4.8308,76.37,31,0,4.07
43,Lasa,IT,2021-07-28 07:12:40,46.6166,10.7002,63.34,82,87,4.59
44,Chokurdakh,RU,2021-07-28 07:12:40,70.6333,147.9167,47.66,54,25,16.42
45,Asmara,ER,2021-07-28 07:12:40,15.3333,38.9333,64.81,68,100,7.58
46,Los Llanos De Aridane,ES,2021-07-28 07:12:41,28.6585,-17.9182,65.95,86,90,14.97
47,Saint-Francois,FR,2021-07-28 07:12:41,46.4154,3.9054,65.17,95,90,2.3
48,General Elizardo Aquino,PY,2021-07-28 07:12:41,-24.4333,-56.7,37.72,52,0,3.98
49,Faya,SA,2021-07-28 07:12:42,18.3851,42.4509,72.12,65,83,6.04
50,Ginir,ET,2021-07-28 07:12:42,7.1333,40.7,60.76,75,100,12.15
51,Kruisfontein,ZA,2021-07-28 07:12:42,-34.0033,24.7314,55.89,73,28,9.01
52,Dudinka,RU,2021-07-28 07:12:43,69.4058,86.1778,55.83,74,100,9.1
53,Kaitangata,NZ,2021-07-28 07:12:43,-46.2817,169.8464,47.93,76,86,3.53
54,Bredasdorp,ZA,2021-07-28 07:12:44,-34.5322,20.0403,52.93,67,100,4.9
55,Plettenberg Bay,ZA,2021-07-28 07:12:44,-34.0527,23.3716,55.65,80,100,7.31
56,Wenatchee,US,2021-07-28 07:08:51,47.4235,-120.3103,79.09,43,1,11.5
57,Severo-Yeniseyskiy,RU,2021-07-28 07:12:45,60.3725,93.0408,59.74,60,100,4.92
58,Hobart,AU,2021-07-28 07:08:22,-42.8794,147.3294,53.26,57,20,8.99
59,Lafia,NG,2021-07-28 07:12:45,8.4833,8.5167,72.68,84,100,4.74
60,San Carlos De Bariloche,AR,2021-07-28 07:12:46,-41.1456,-71.3082,33.44,53,0,2.3
61,Turukhansk,RU,2021-07-28 07:12:46,65.8167,87.9833,55.09,86,99,5.99
62,Doha,QA,2021-07-28 07:12:46,25.2867,51.5333,109.71,37,64,5.75
63,Kizukuri,JP,2021-07-28 07:12:47,40.8061,140.3861,77.95,87,100,7.9
64,Arlit,NE,2021-07-28 07:12:47,18.7369,7.3853,85.33,49,3,8.59
65,Norman Wells,CA,2021-07-28 07:12:47,65.282,-126.8329,57.81,69,50,1.52
66,Mhlambanyatsi,SZ,2021-07-28 07:12:48,-26.45,31.0167,53.76,30,0,7.02
67,Isla Vista,US,2021-07-28 07:12:48,34.4133,-119.861,68.02,84,1,3.44
68,Meulaboh,ID,2021-07-28 07:12:49,4.1363,96.1285,86.36,64,77,8.16
69,Tuktoyaktuk,CA,2021-07-28 07:12:49,69.4541,-133.0374,44.58,92,100,10.2
70,Yenagoa,NG,2021-07-28 07:12:50,4.9247,6.2642,75.97,81,48,4.81
71,Mount Isa,AU,2021-07-28 07:12:50,-20.7333,139.5,89.37,18,6,13.8
72,Chuy,UY,2021-07-28 07:12:50,-33.6971,-53.4616,43.81,77,64,13.44
73,Kasongo-Lunda,CD,2021-07-28 07:12:51,-6.4667,16.8167,72.68,21,5,2.15
74,Georgetown,MY,2021-07-28 07:12:51,5.4112,100.3354,91.89,62,20,9.22
75,Bengkulu,ID,2021-07-28 07:12:51,-3.8004,102.2655,84.92,61,100,11.05
76,Tuatapere,NZ,2021-07-28 07:12:52,-46.1333,167.6833,48.81,86,87,4.29
77,Husavik,IS,2021-07-28 07:12:52,66.0449,-17.3389,49.66,99,100,11.21
78,New Norfolk,AU,2021-07-28 07:12:52,-42.7826,147.0587,52.92,61,10,4.0
79,Tura,IN,2021-07-28 07:12:53,25.5198,90.2201,85.98,73,70,6.33
80,Lebu,CL,2021-07-28 07:12:53,-37.6167,-73.65,44.47,78,0,15.99
81,Egvekinot,RU,2021-07-28 07:12:54,66.3167,-179.1667,38.32,90,100,13.47
82,Barnstead,US,2021-07-28 07:12:54,43.334,-71.2928,65.07,98,97,1.45
83,Shieli,KZ,2021-07-28 07:12:55,44.1667,66.75,92.23,12,0,14.07
84,Ponta Do Sol,PT,2021-07-28 07:12:55,32.6667,-17.1,74.01,80,31,4.97
85,Lorengau,PG,2021-07-28 07:12:55,-2.0226,147.2712,83.66,75,7,6.98
86,Idritsa,RU,2021-07-28 07:12:56,56.3316,28.8988,70.81,76,100,3.38
87,Avera,US,2021-07-28 07:12:56,33.194,-82.5271,76.87,86,89,1.52
88,Sistranda,NO,2021-07-28 07:12:57,63.7256,8.834,73.36,75,100,17.0
89,Kodiak,US,2021-07-28 07:08:50,57.79,-152.4072,58.51,63,90,11.5
90,Upernavik,GL,2021-07-28 07:12:57,72.7868,-56.1549,47.34,79,100,0.51
91,Codrington,AU,2021-07-28 07:12:58,-38.2667,141.9667,48.2,73,88,24.38
92,Panji,ID,2021-07-28 07:12:58,-7.7253,114.0995,88.65,44,4,9.62
93,Avarua,CK,2021-07-28 07:12:58,-21.2078,-159.775,68.05,88,0,1.14
94,Arraial Do Cabo,BR,2021-07-28 07:12:59,-22.9661,-42.0278,71.1,87,0,31.54
95,Barrow,US,2021-07-28 07:12:59,71.2906,-156.7887,37.42,95,90,18.41
96,Esperance,AU,2021-07-28 07:13:00,-33.8667,121.9,58.98,57,87,17.78
97,Souillac,MU,2021-07-28 07:13:00,-20.5167,57.5167,68.36,82,100,21.23
98,Santa Maria,BR,2021-07-28 07:13:00,-29.6842,-53.8069,37.81,70,0,7.34
99,Saint-Joseph,RE,2021-07-28 07:13:01,-21.3667,55.6167,69.21,89,100,16.35
100,Biak,ID,2021-07-28 07:13:01,-0.9131,122.8766,82.31,71,83,6.58
101,Tasiilaq,GL,2021-07-28 07:13:01,65.6145,-37.6368,33.96,74,22,5.64
102,Rio Bananal,BR,2021-07-28 07:13:02,-19.265,-40.3333,64.45,97,43,3.31
103,Jardim,BR,2021-07-28 07:13:02,-21.4803,-56.1381,53.58,30,100,9.73
104,Laguna,US,2021-07-28 07:11:57,38.421,-121.4238,80.46,50,1,1.99
105,Sao Filipe,CV,2021-07-28 07:13:03,14.8961,-24.4956,73.78,78,28,7.25
106,Jumla,NP,2021-07-28 07:13:03,29.2747,82.1838,74.21,74,81,4.29
107,Hithadhoo,MV,2021-07-28 07:13:04,-0.6,73.0833,81.34,77,68,9.01
108,Saint-Michel-Des-Saints,CA,2021-07-28 07:13:04,46.6834,-73.9159,50.59,61,100,3.02
109,Benjamin Constant,BR,2021-07-28 07:13:04,-4.3831,-70.0311,71.73,94,86,1.72
110,Labuhan,ID,2021-07-28 07:13:05,-6.8844,112.2051,87.84,52,72,7.72
111,Brigantine,US,2021-07-28 07:13:05,39.4101,-74.3646,76.01,95,1,0.0
112,Solnechnyy,RU,2021-07-28 07:13:05,50.7214,136.6319,81.1,84,75,1.66
113,Mataura,NZ,2021-07-28 07:13:06,-46.1927,168.8643,48.47,94,100,2.46
114,Alofi,NU,2021-07-28 07:13:06,-19.0595,-169.9187,72.52,87,100,17.45
115,Jamestown,US,2021-07-28 07:13:06,42.097,-79.2353,65.84,92,1,1.01
116,Thompson,CA,2021-07-28 07:13:07,55.7435,-97.8558,56.59,84,97,5.73
117,Medicine Hat,CA,2021-07-28 07:13:07,50.0501,-110.6683,74.21,51,100,1.99
118,Butaritari,KI,2021-07-28 07:13:07,3.0707,172.7902,82.26,70,100,5.44
119,Lebanon,US,2021-07-28 07:08:57,36.2081,-86.2911,78.13,92,1,0.0
120,Lata,PT,2021-07-28 07:13:08,40.1629,-8.3327,63.36,81,1,3.53
121,Chuzhou,CN,2021-07-28 07:13:08,32.3219,118.2978,78.76,94,100,11.86
122,Deputatskiy,RU,2021-07-28 07:13:09,69.3,139.9,47.44,55,71,8.21
123,Bubaque,GW,2021-07-28 07:13:09,11.2833,-15.8333,79.5,82,100,7.43
124,Nefteyugansk,RU,2021-07-28 07:13:10,61.0998,72.6035,62.85,60,96,6.69
125,Hasaki,JP,2021-07-28 07:13:10,35.7333,140.8333,88.29,81,5,19.04
126,Saldanha,ZA,2021-07-28 07:13:10,-33.0117,17.9442,56.16,62,100,5.19
127,Rantepao,ID,2021-07-28 07:13:11,-2.9701,119.8978,81.91,50,16,4.16
128,Victoria,HK,2021-07-28 07:11:59,22.2855,114.1577,92.97,83,61,1.99
129,Road Town,VG,2021-07-28 07:13:11,18.4167,-64.6167,79.2,77,10,19.1
130,Padang,ID,2021-07-28 07:13:11,-0.9492,100.3543,86.05,76,95,4.38
131,Naryan-Mar,RU,2021-07-28 07:13:12,67.6713,53.087,47.8,79,100,9.62
132,Leningradskiy,RU,2021-07-28 07:13:12,69.3833,178.4167,33.26,99,100,9.6
133,Bluff,NZ,2021-07-28 07:13:13,-46.6,168.3333,48.79,80,100,5.86
134,Flin Flon,CA,2021-07-28 07:13:13,54.7682,-101.865,61.61,60,53,5.77
135,Sitka,US,2021-07-28 07:12:27,57.0531,-135.33,57.09,88,90,0.0
136,Bangassou,CF,2021-07-28 07:13:13,4.7413,22.8184,74.1,73,100,3.2
137,Troitsko-Pechorsk,RU,2021-07-28 07:13:14,62.7084,56.1964,50.86,56,100,11.54
138,Katsuura,JP,2021-07-28 07:13:14,35.1333,140.3,86.14,84,2,18.34
139,Santa Rosalia,MX,2021-07-28 07:13:14,27.3167,-112.2833,86.99,47,0,3.13
140,Severo-Kurilsk,RU,2021-07-28 07:13:15,50.6789,156.125,57.45,92,100,8.16
141,Kirakira,SB,2021-07-28 07:13:15,-10.4544,161.9205,80.51,81,7,9.57
142,Linxia,CN,2021-07-28 07:13:16,35.6003,103.2064,79.56,28,63,3.27
143,Atikokan,CA,2021-07-28 07:13:16,48.7555,-91.6216,58.71,75,0,4.09
144,Carutapera,BR,2021-07-28 07:13:16,-1.195,-46.02,75.09,91,35,4.68
145,Tessalit,ML,2021-07-28 07:13:17,20.1986,1.0114,87.13,46,30,11.88
146,Carbonia,IT,2021-07-28 07:13:17,39.1672,8.5222,82.99,34,0,9.04
147,Pisco,PE,2021-07-28 07:09:51,-13.7,-76.2167,60.03,82,2,4.61
148,Ojinaga,MX,2021-07-28 07:13:18,29.5667,-104.4167,88.41,25,1,13.8
149,Talcahuano,CL,2021-07-28 07:13:18,-36.7167,-73.1167,44.28,76,0,10.36
150,Salinopolis,BR,2021-07-28 07:13:18,-0.6136,-47.3561,77.04,86,17,6.93
151,Torbay,CA,2021-07-28 07:13:19,47.6666,-52.7314,65.75,97,100,9.84
152,Tezu,IN,2021-07-28 07:13:19,27.9167,96.1667,96.98,53,42,2.86
153,Torbat-E Jam,IR,2021-07-28 07:13:19,35.244,60.6225,88.02,11,0,30.36
154,Menongue,AO,2021-07-28 07:13:20,-14.6585,17.691,58.05,31,54,5.41
155,Korla,CN,2021-07-28 07:13:20,41.7597,86.1469,101.16,10,5,7.78
156,Prainha,BR,2021-07-28 07:13:21,-1.8,-53.48,72.03,74,3,2.06
157,Naze,JP,2021-07-28 07:13:21,28.3667,129.4833,78.94,83,100,12.64
158,Sao Francisco Do Sul,BR,2021-07-28 07:13:21,-26.2433,-48.6381,46.13,68,3,12.06
159,Villa Rica,US,2021-07-28 07:11:36,33.7321,-84.9191,74.55,97,6,3.13
160,Severomuysk,RU,2021-07-28 07:13:22,56.1481,113.4267,68.9,40,100,5.82
161,Cherskiy,RU,2021-07-28 07:13:23,68.75,161.3,39.07,71,91,17.47
162,Guerrero Negro,MX,2021-07-28 07:13:23,27.9769,-114.0611,69.31,85,0,10.87
163,Uvalde,US,2021-07-28 07:13:23,29.3669,-99.767,77.52,53,1,4.61
164,Itaituba,BR,2021-07-28 07:13:24,-4.2761,-55.9836,69.57,65,0,1.9
165,Hanamaki,JP,2021-07-28 07:13:24,39.3833,141.1167,77.79,90,75,5.93
166,Iqaluit,CA,2021-07-28 07:13:24,63.7506,-68.5145,41.7,81,100,5.01
167,Bandarbeyla,SO,2021-07-28 07:13:25,9.4942,50.8122,86.95,46,32,32.32
168,Cidreira,BR,2021-07-28 07:13:25,-30.1811,-50.2056,43.99,68,3,17.9
169,Ixtapa,MX,2021-07-28 07:13:26,20.7,-105.2,78.22,91,100,2.1
170,Nome,US,2021-07-28 07:08:50,64.5011,-165.4064,51.87,87,90,20.71
171,Bathsheba,BB,2021-07-28 07:13:26,13.2167,-59.5167,81.21,78,75,16.11
172,Tiksi,RU,2021-07-28 07:13:26,71.6872,128.8694,41.92,80,63,12.59
173,Ouesso,CG,2021-07-28 07:13:27,1.6136,16.0517,76.75,72,98,3.98
174,Cockburn Town,TC,2021-07-28 07:13:27,21.4612,-71.1419,81.37,75,100,15.08
175,Paamiut,GL,2021-07-28 07:13:27,61.994,-49.6678,45.28,80,100,11.03
176,Grindavik,IS,2021-07-28 07:13:28,63.8424,-22.4338,53.56,93,0,9.22
177,Lavrentiya,RU,2021-07-28 07:13:28,65.5833,-171.0,44.15,99,100,15.97
178,Moose Factory,CA,2021-07-28 07:13:29,51.2585,-80.6094,49.21,74,11,4.25
179,Airai,TL,2021-07-28 07:13:29,-8.9266,125.4092,71.51,53,82,4.36
180,Castro,BR,2021-07-28 07:13:30,-24.7911,-50.0119,37.81,95,7,7.27
181,San Andres,CO,2021-07-28 07:13:22,12.5847,-81.7006,82.42,78,40,9.22
182,Richards Bay,ZA,2021-07-28 07:13:30,-28.783,32.0377,63.66,39,0,9.35
183,Chapais,CA,2021-07-28 07:13:31,49.7834,-74.8492,44.6,78,6,2.28
184,Trairi,BR,2021-07-28 07:09:59,-3.2778,-39.2689,75.88,88,22,9.28
185,Mozhga,RU,2021-07-28 07:13:31,56.4447,52.2276,64.69,43,7,10.04
186,Kavieng,PG,2021-07-28 07:13:32,-2.5744,150.7967,83.66,74,100,7.81
187,Winslow,US,2021-07-28 07:13:32,35.0242,-110.6974,73.58,56,90,16.11
188,Grajewo,PL,2021-07-28 07:13:32,53.6473,22.4554,73.56,72,78,5.41
189,Tygda,RU,2021-07-28 07:13:33,53.1167,126.3333,73.72,91,39,5.28
190,Santa Cruz,BO,2021-07-28 07:13:33,-17.8,-63.1667,60.26,36,90,16.11
191,Bafoulabe,ML,2021-07-28 07:13:34,13.8065,-10.8321,78.21,89,100,6.62
192,Acari,PE,2021-07-28 07:13:34,-15.4311,-74.6158,63.05,76,54,3.78
193,Adrar,MR,2021-07-28 07:13:34,20.5022,-10.0711,82.36,40,25,10.31
194,Rancho Palos Verdes,US,2021-07-28 07:13:35,33.7445,-118.387,76.06,91,0,3.0
195,Rosario Do Sul,BR,2021-07-28 07:13:35,-30.2583,-54.9142,37.36,68,2,8.57
196,Fortuna,US,2021-07-28 07:13:35,40.5982,-124.1573,69.48,92,100,3.53
197,Saskylakh,RU,2021-07-28 07:13:36,71.9167,114.0833,72.1,31,7,18.1
198,Henties Bay,NA,2021-07-28 07:13:36,-22.116,14.2845,59.77,74,0,9.08
199,Yar-Sale,RU,2021-07-28 07:13:37,66.8333,70.8333,50.95,58,100,12.66
200,Soligalich,RU,2021-07-28 07:13:37,59.0778,42.2864,69.8,41,13,1.45
201,Northam,GB,2021-07-28 07:13:37,51.0333,-4.2167,63.12,95,77,12.91
202,Namatanai,PG,2021-07-28 07:13:38,-3.6667,152.4333,82.56,76,89,5.68
203,Biltine,TD,2021-07-28 07:13:38,14.5333,20.9167,78.19,68,100,5.23
204,Develi,TR,2021-07-28 07:13:38,38.3906,35.4922,69.15,44,0,7.63
205,Fort Abbas,PK,2021-07-28 07:13:39,29.1925,72.8536,90.46,58,100,15.17
206,Peniche,PT,2021-07-28 07:13:39,39.3558,-9.3811,66.72,87,10,19.53
207,Portoferraio,IT,2021-07-28 07:13:40,42.8115,10.3146,82.11,88,29,15.5
208,Boende,CD,2021-07-28 07:13:40,-0.2167,20.8667,82.47,32,15,1.99
209,Abha,SA,2021-07-28 07:13:41,18.2164,42.5053,71.85,64,88,9.22
210,Kuching,MY,2021-07-28 07:13:41,1.55,110.3333,93.42,59,40,3.44
211,Khatanga,RU,2021-07-28 07:13:41,71.9667,102.5,88.72,33,100,14.72
212,Srednekolymsk,RU,2021-07-28 07:13:42,67.45,153.6833,38.12,97,100,10.38
213,Kigoma,TZ,2021-07-28 07:13:42,-4.8769,29.6267,77.52,34,10,9.62
214,Kawhia,NZ,2021-07-28 07:13:43,-38.0651,174.8183,53.15,89,38,4.9
215,Morehead,US,2021-07-28 07:13:43,37.2711,-87.1764,73.11,97,75,0.0
216,Manaus,BR,2021-07-28 07:13:44,-3.1019,-60.025,81.09,78,0,2.3
217,Kenai,US,2021-07-28 07:10:03,60.5544,-151.2583,61.03,75,1,14.97
218,Luba,GQ,2021-07-28 07:13:44,3.4568,8.5547,76.69,82,66,5.88
219,Qaqortoq,GL,2021-07-28 07:13:45,60.7167,-46.0333,41.5,85,100,4.43
220,Dikson,RU,2021-07-28 07:13:45,73.5069,80.5464,37.35,98,100,15.23
221,Ballina,AU,2021-07-28 07:13:45,-28.8667,153.5667,69.98,64,0,11.99
222,Beringovskiy,RU,2021-07-28 07:13:46,63.05,179.3167,46.83,87,100,24.05
223,Pevek,RU,2021-07-28 07:13:46,69.7008,170.3133,36.77,93,100,15.19
224,Mont-Dore,NC,2021-07-28 07:13:47,-22.2833,166.5833,69.78,66,30,10.02
225,Atambua,ID,2021-07-28 07:13:47,-9.1061,124.8925,82.76,51,12,1.19
226,Severnyy-Kospashskiy,RU,2021-07-28 07:13:48,59.0925,57.8008,50.61,64,82,9.46
227,Sao Joao Da Barra,BR,2021-07-28 07:13:48,-21.6403,-41.0511,68.43,62,0,11.14
228,Caravelas,BR,2021-07-28 07:13:49,-17.7125,-39.2481,68.41,96,20,5.77
229,Xuddur,SO,2021-07-28 07:13:49,4.1213,43.8894,74.8,58,100,20.38
230,Fairbanks,US,2021-07-28 07:08:54,64.8378,-147.7164,58.1,93,90,1.99
231,La Ronge,CA,2021-07-28 07:13:50,55.1001,-105.2842,56.07,74,1,6.38
232,Karema,TZ,2021-07-28 07:13:50,-6.8205,30.4389,73.24,39,51,11.65
233,Riyadh,SA,2021-07-28 07:11:19,24.6877,46.7219,111.25,7,0,24.16
234,Zacualpan,MX,2021-07-28 07:13:50,21.25,-105.1667,78.71,82,100,2.39
235,Campbell River,CA,2021-07-28 07:13:51,50.0163,-125.2446,67.59,70,0,4.36
236,Vila Velha,BR,2021-07-28 07:13:51,-20.3297,-40.2925,71.55,78,0,4.61
237,Mount Pleasant,US,2021-07-28 07:13:19,32.7941,-79.8626,80.19,92,1,3.0
238,Iquique,CL,2021-07-28 07:13:52,-20.2208,-70.1431,57.24,78,36,2.64
239,Vao,NC,2021-07-28 07:13:52,-22.6667,167.4833,68.59,62,100,15.88
240,Sangar,RU,2021-07-28 07:13:52,63.9242,127.4739,72.23,28,1,7.0
241,Vuktyl,RU,2021-07-28 07:13:53,63.8567,57.3094,43.39,94,100,13.85
242,Port Alfred,ZA,2021-07-28 07:13:53,-33.5906,26.891,61.48,76,100,10.38
243,Karratha,AU,2021-07-28 07:13:54,-20.7377,116.8463,79.21,48,12,16.24
244,Chunskiy,RU,2021-07-28 07:13:54,56.0815,99.6342,79.9,57,35,9.17
245,Yanggu,CN,2021-07-28 07:13:54,36.1106,115.7753,72.68,87,100,12.35
246,Vestmannaeyjar,IS,2021-07-28 07:13:55,63.4427,-20.2734,52.43,85,100,9.06
247,Maraa,BR,2021-07-28 07:13:55,-1.8333,-65.3667,71.6,86,53,1.61
248,Merauke,ID,2021-07-28 07:13:55,-8.4667,140.3333,80.4,84,100,16.04
249,Uarini,BR,2021-07-28 07:11:14,-2.99,-65.1083,72.3,77,100,1.01
250,Beyla,GN,2021-07-28 07:13:56,8.6833,-8.6333,67.3,98,100,4.81
251,Alugan,PH,2021-07-28 07:13:56,12.2188,125.4808,91.38,55,100,9.6
252,Chiang Klang,TH,2021-07-28 07:13:57,19.2938,100.8617,83.21,89,100,3.56
253,Kinango,KE,2021-07-28 07:13:58,-4.1372,39.3153,77.11,59,97,14.2
254,Kendal,GB,2021-07-28 07:13:58,54.3268,-2.7476,60.31,95,97,7.52
255,Buala,SB,2021-07-28 07:13:58,-8.145,159.5921,80.98,80,98,7.27
256,Riverton,US,2021-07-28 07:13:59,40.5219,-111.9391,79.84,57,1,5.01
257,Shuiji,CN,2021-07-28 07:13:10,27.4214,118.345,94.62,53,84,6.15
258,Bahia Blanca,AR,2021-07-28 07:13:59,-38.7196,-62.2724,39.79,73,9,13.35
259,Mahibadhoo,MV,2021-07-28 07:14:00,3.7833,72.9667,82.67,73,100,9.04
260,Ribeira Grande,PT,2021-07-28 07:14:00,38.5167,-28.7,72.0,83,40,12.66
261,Storforshei,NO,2021-07-28 07:14:00,66.4043,14.5233,71.38,60,0,2.3
262,Sabang,ID,2021-07-28 07:14:01,5.8933,95.3214,83.43,76,62,23.67
263,North Bend,US,2021-07-28 07:14:01,43.4065,-124.2243,57.92,90,90,4.61
264,Tooele,US,2021-07-28 07:14:01,40.5308,-112.2983,77.65,47,1,16.11
265,Klaksvik,FO,2021-07-28 07:14:02,62.2266,-6.589,52.72,92,100,5.57
266,Boa Vista,BR,2021-07-28 07:14:02,2.8197,-60.6733,76.98,88,75,3.44
267,Linjiang,CN,2021-07-28 07:14:02,41.8069,126.9078,88.14,60,100,4.83
268,Kavaratti,IN,2021-07-28 07:14:03,10.5669,72.642,82.04,78,100,19.22
269,Cairns,AU,2021-07-28 07:11:40,-16.9167,145.7667,78.06,65,90,9.22
270,Selishche,RU,2021-07-28 07:14:04,56.8879,33.2691,71.44,68,100,8.01
271,Carnarvon,AU,2021-07-28 07:11:07,-24.8667,113.6333,69.87,60,90,14.97
272,Mount Gambier,AU,2021-07-28 07:14:04,-37.8333,140.7667,48.11,71,40,23.02
273,Marsh Harbour,BS,2021-07-28 07:14:04,26.5412,-77.0636,82.85,76,4,9.17
274,Coolum Beach,AU,2021-07-28 07:14:05,-26.5333,153.1,71.11,77,5,1.01
275,Boyolangu,ID,2021-07-28 07:14:05,-8.1181,111.8935,81.9,61,88,11.43
276,Talnakh,RU,2021-07-28 07:14:05,69.4865,88.3972,54.88,87,100,3.94
277,Bilma,NE,2021-07-28 07:14:06,18.6853,12.9164,89.11,43,56,10.89
278,Emden,DE,2021-07-28 07:14:07,53.3667,7.2167,64.4,90,49,13.87
279,Oksovskiy,RU,2021-07-28 07:14:07,62.6062,39.8984,66.74,38,35,5.75
280,Qaanaaq,GL,2021-07-28 07:14:07,77.484,-69.3632,43.27,88,100,4.25
281,Nanhai,CN,2021-07-28 07:14:08,30.1282,111.7784,92.05,57,30,7.78
282,Yeppoon,AU,2021-07-28 07:14:08,-23.1333,150.7333,76.78,68,0,10.78
283,Togul,RU,2021-07-28 07:14:08,53.465,85.9128,68.99,42,94,6.29
284,Bambous Virieux,MU,2021-07-28 07:14:09,-20.3428,57.7575,68.22,79,100,22.46
285,Bethel,US,2021-07-28 07:14:09,41.3712,-73.414,68.49,91,1,0.0
286,Havre-Saint-Pierre,CA,2021-07-28 07:14:10,50.2334,-63.5986,55.13,91,88,9.6
287,Chunoyar,RU,2021-07-28 07:14:10,57.4467,97.3217,63.03,89,100,6.24
288,Amberley,US,2021-07-28 07:14:10,39.2048,-84.428,71.74,90,1,0.0
289,Serenje,ZM,2021-07-28 07:14:11,-13.2325,30.2352,57.22,51,99,10.25
290,Sivaki,RU,2021-07-28 07:14:11,52.6333,126.75,74.68,84,58,6.82
291,Dunedin,NZ,2021-07-28 07:14:11,-45.8742,170.5036,48.79,69,100,3.0
292,San Patricio,US,2021-07-28 07:14:12,28.017,-97.5169,84.09,77,2,5.7
293,Pangnirtung,CA,2021-07-28 07:11:17,66.1451,-65.7125,47.88,86,100,1.05
294,Bima,ID,2021-07-28 07:14:12,-8.4667,118.7167,91.0,43,24,7.43
295,Shelburne,CA,2021-07-28 07:14:12,44.0787,-80.2041,61.84,74,3,3.44
296,Pimentel,PE,2021-07-28 07:14:13,-6.8367,-79.9342,64.99,86,91,3.0
297,Planaltina,BR,2021-07-28 07:14:13,-15.4528,-47.6142,55.69,47,2,1.39
298,Vanimo,PG,2021-07-28 07:14:13,-2.6741,141.3028,83.3,77,37,5.79
299,Margate,GB,2021-07-28 07:14:14,51.3813,1.3862,64.69,80,42,4.0
300,Luderitz,NA,2021-07-28 07:14:14,-26.6481,15.1594,56.25,64,0,7.99
301,Juneau,US,2021-07-28 07:14:15,58.3019,-134.4197,57.85,91,75,8.05
302,Carpinteria,US,2021-07-28 07:14:15,34.3989,-119.5185,77.38,59,0,3.56
303,Taksimo,RU,2021-07-28 07:14:16,56.3444,114.8794,79.07,42,100,8.28
304,Nanpiao,CN,2021-07-28 07:14:16,41.0982,120.7479,90.48,43,100,4.63
305,Aviemore,GB,2021-07-28 07:14:16,57.1955,-3.8259,58.42,98,100,2.82
306,Hami,CN,2021-07-28 07:14:16,42.8,93.45,101.41,10,11,4.99
307,Atar,MR,2021-07-28 07:14:17,20.5169,-13.0499,82.36,40,82,4.36
308,Malanje,AO,2021-07-28 07:14:17,-9.5402,16.341,63.52,27,4,4.52
309,Ugoofaaru,MV,2021-07-28 07:14:18,5.6667,73.0,83.16,75,100,13.67
310,Yulara,AU,2021-07-28 07:14:18,-25.2406,130.9889,76.84,29,31,9.22
311,Bodden Town,KY,2021-07-28 07:14:18,19.2833,-81.25,84.27,69,100,12.84
312,Borodino,RU,2021-07-28 07:14:19,55.9106,94.8983,66.36,62,100,6.51
313,Dembi Dolo,ET,2021-07-28 07:14:19,8.5333,34.8,62.51,82,99,0.6
314,Sioux Lookout,CA,2021-07-28 07:14:19,50.1001,-91.917,60.3,64,72,4.79
315,Saint-Augustin,CA,2021-07-28 07:14:20,51.226,-58.6502,60.1,91,100,7.4
316,Bealanana,MG,2021-07-28 07:14:20,-14.55,48.7333,65.62,53,10,6.11
317,Ustka,PL,2021-07-28 07:14:21,54.5805,16.8619,71.82,71,86,7.96
318,Betanzos,ES,2021-07-28 07:14:21,43.2804,-8.2147,68.67,85,20,1.01
319,Shingu,JP,2021-07-28 07:14:21,33.7333,135.9833,87.91,56,24,4.5
320,Faanui,PF,2021-07-28 07:14:22,-16.4833,-151.75,77.43,75,97,5.61
321,Antofagasta,CL,2021-07-28 07:14:22,-23.65,-70.4,54.68,71,18,6.51
322,Gat,IL,2021-07-28 07:14:22,31.61,34.7642,91.4,14,0,6.29
323,Ilulissat,GL,2021-07-28 07:14:23,69.2167,-51.1,53.62,58,100,8.05
324,Mandalgovi,MN,2021-07-28 07:14:23,45.7625,106.2708,75.72,36,100,3.44
325,Aswan,EG,2021-07-28 07:14:23,24.0934,32.907,95.86,17,40,15.48
326,Fulton,US,2021-07-28 07:14:24,33.7668,-84.4499,75.27,92,1,4.61
327,Salalah,OM,2021-07-28 07:14:24,17.0151,54.0924,80.69,89,90,10.36
328,Maumere,ID,2021-07-28 07:14:25,-8.6199,122.2111,82.92,66,57,2.15
329,Skibbereen,IE,2021-07-28 07:14:25,51.55,-9.2667,55.2,80,46,17.13
330,Kamenka,RU,2021-07-28 07:14:25,51.3223,42.7678,81.7,41,7,2.75
331,Dicabisagan,PH,2021-07-28 07:14:26,17.0818,122.4157,85.89,77,100,3.02
332,Manoel Urbano,BR,2021-07-28 07:14:26,-8.8389,-69.2597,72.52,81,3,0.85
333,Maunabo,PR,2021-07-28 07:14:26,18.0072,-65.8993,80.44,90,70,10.78
334,Saint Anthony,US,2021-07-28 07:14:27,45.0205,-93.218,79.05,83,1,1.99
335,Geraldton,AU,2021-07-28 07:14:27,-28.7667,114.6,66.61,72,90,10.36
336,Samarai,PG,2021-07-28 07:14:27,-10.6167,150.6667,77.92,86,100,12.75
337,Bere,TD,2021-07-28 07:14:28,9.3202,16.1552,73.56,89,100,4.47
338,Karimganj,IN,2021-07-28 07:14:28,24.8667,92.35,90.55,69,19,2.93
339,Provideniya,RU,2021-07-28 07:14:28,64.3833,-173.3,46.85,99,100,8.46
340,Nanortalik,GL,2021-07-28 07:14:29,60.1432,-45.2371,43.84,84,100,3.89
341,Hurghada,EG,2021-07-28 07:13:36,27.2574,33.8129,92.7,32,68,23.78
342,Shimoda,JP,2021-07-28 07:14:29,34.6667,138.95,89.1,73,31,13.09
343,Sur,OM,2021-07-28 07:14:30,22.5667,59.5289,98.89,43,84,1.7
344,Nueva Loja,EC,2021-07-28 07:14:30,0.0847,-76.8828,68.13,97,100,1.05
345,Karasburg,NA,2021-07-28 07:14:30,-28.0167,18.75,54.18,38,0,3.11
346,Makurdi,NG,2021-07-28 07:14:31,7.7411,8.5121,73.42,83,100,4.74
347,Bilibino,RU,2021-07-28 07:14:31,68.0546,166.4372,43.14,74,99,3.27
348,Srivardhan,IN,2021-07-28 07:14:32,18.0333,73.0167,82.49,81,70,18.97
349,Chernyshevskiy,RU,2021-07-28 07:14:32,63.0128,112.4714,87.39,33,24,9.55
350,Pasighat,IN,2021-07-28 07:14:33,28.0667,95.3333,93.29,61,100,2.95
351,Brownsville,US,2021-07-28 07:11:19,25.9018,-97.4975,80.55,87,20,0.0
352,Hambantota,LK,2021-07-28 07:14:33,6.1241,81.1185,88.14,63,100,21.94
353,Shakawe,BW,2021-07-28 07:14:34,-18.3667,21.85,58.1,42,2,7.02
354,Rio Gallegos,AR,2021-07-28 07:14:34,-51.6226,-69.2181,42.85,87,0,12.66
355,Shiyan,CN,2021-07-28 07:14:35,32.6475,110.7781,94.53,46,48,3.71
356,Talara,PE,2021-07-28 07:14:35,-4.5772,-81.2719,68.23,86,74,15.57
357,Touros,BR,2021-07-28 07:14:35,-5.1989,-35.4608,72.5,90,11,10.42
358,Ambulu,ID,2021-07-28 07:14:36,-8.345,113.6058,85.3,54,0,10.33
359,Itarema,BR,2021-07-28 07:14:36,-2.9248,-39.9167,75.25,90,36,9.93
360,Tricase,IT,2021-07-28 07:14:37,39.9304,18.3553,90.32,47,0,7.34
361,Hwange,ZW,2021-07-28 07:14:37,-18.3693,26.5019,60.44,43,0,2.24
362,Oranjemund,NA,2021-07-28 07:14:38,-28.55,16.4333,54.84,75,11,4.85
363,Ullapool,GB,2021-07-28 07:14:38,57.8987,-5.1604,60.94,97,100,3.18
364,Lethem,GY,2021-07-28 07:14:38,3.3803,-59.7968,73.35,93,100,3.44
365,Sao Miguel Do Araguaia,BR,2021-07-28 07:14:39,-13.275,-50.1628,69.01,37,0,2.91
366,Valparaiso,CL,2021-07-28 07:12:12,-33.0393,-71.6273,50.47,79,0,4.61
367,Opuwo,NA,2021-07-28 07:14:39,-18.0607,13.84,57.83,30,0,7.78
368,Ajdabiya,LY,2021-07-28 07:14:40,30.7554,20.2263,85.48,32,0,3.56
369,Pemba,MZ,2021-07-28 07:14:40,-12.974,40.5178,73.76,64,90,14.5
370,Martil,MA,2021-07-28 07:14:40,35.6166,-5.2752,75.27,89,26,5.03
371,Bardiyah,LY,2021-07-28 07:14:41,31.7561,25.0865,83.91,47,0,11.05
372,Alice Springs,AU,2021-07-28 07:14:41,-23.7,133.8833,78.35,25,40,8.05
373,Wegrow,PL,2021-07-28 07:14:42,52.3995,22.0163,80.64,52,18,6.11
374,Miracema Do Tocantins,BR,2021-07-28 07:14:42,-9.5618,-48.3967,70.65,44,0,3.4
375,Jibuti,DJ,2021-07-28 07:14:43,11.5,42.5,94.42,41,88,14.81
376,Grinnell,US,2021-07-28 07:14:43,41.743,-92.7224,76.82,85,1,4.61
377,Werda,BW,2021-07-28 07:14:43,-25.2667,23.2833,52.2,38,0,10.16
378,Raudeberg,NO,2021-07-28 07:14:44,61.9875,5.1352,64.2,96,100,2.55
379,Vila Franca Do Campo,PT,2021-07-28 07:14:44,37.7167,-25.4333,68.41,90,48,7.36
380,Benghazi,LY,2021-07-28 07:14:44,32.1167,20.0667,81.77,56,0,8.39
381,Zarate,AR,2021-07-28 07:14:45,-34.0981,-59.0286,44.31,68,100,11.88
382,Emerald,AU,2021-07-28 07:14:45,-23.5333,148.1667,78.35,36,0,4.41
383,Garissa,KE,2021-07-28 07:14:45,-0.4536,39.6401,79.97,49,98,25.46
384,Los Andes,CL,2021-07-28 07:14:46,-32.8337,-70.5983,46.9,25,0,6.46
385,Pingliang,CN,2021-07-28 07:14:46,35.5392,106.6861,80.8,40,95,0.58
386,Dickson,US,2021-07-28 07:12:24,36.077,-87.3878,77.22,97,20,0.0
387,Vaghodia,IN,2021-07-28 07:14:47,22.3,73.3833,84.06,70,75,11.5
388,Ulaangom,MN,2021-07-28 07:14:47,49.9811,92.0667,78.19,34,13,10.31
389,Namibe,AO,2021-07-28 07:14:47,-15.1961,12.1522,67.66,69,0,3.58
390,Amga,RU,2021-07-28 07:14:48,60.8953,131.9608,74.21,39,68,9.28
391,Mehriz,IR,2021-07-28 07:14:48,31.5917,54.4318,91.9,12,43,9.1
392,Kungurtug,RU,2021-07-28 07:14:48,50.5994,97.5228,68.67,66,100,2.46
393,Anadyr,RU,2021-07-28 07:14:49,64.75,177.4833,48.0,93,100,13.0
394,Pacific Grove,US,2021-07-28 07:11:05,36.6177,-121.9166,64.98,89,90,1.01
395,Hamilton,US,2021-07-28 07:14:10,39.1834,-84.5333,72.45,91,1,0.0
396,Breves,BR,2021-07-28 07:14:49,-1.6822,-50.4803,71.55,96,5,1.88
397,Bosconia,CO,2021-07-28 07:14:50,9.9689,-73.8836,72.54,93,52,2.39
398,Bongandanga,CD,2021-07-28 07:14:50,1.5,21.05,81.9,40,74,3.04
399,Broome,US,2021-07-28 07:14:51,42.2506,-75.833,64.78,97,90,1.99
400,Fernley,US,2021-07-28 07:14:51,39.608,-119.2518,73.58,34,19,5.23
401,Ca Mau,VN,2021-07-28 07:12:41,9.1769,105.15,89.98,55,13,16.15
402,Little Current,CA,2021-07-28 07:14:51,45.9793,-81.9248,61.41,77,98,6.42
403,Maraba,BR,2021-07-28 07:11:50,-5.3686,-49.1178,69.98,100,8,0.0
404,Haines Junction,CA,2021-07-28 07:14:52,60.7522,-137.5108,48.36,91,100,4.99
405,Zhigansk,RU,2021-07-28 07:14:52,66.7697,123.3711,71.02,37,0,8.32
406,Tiznit,MA,2021-07-28 07:14:53,29.5833,-9.5,71.44,62,6,2.8
407,Pucara,PE,2021-07-28 07:14:53,-15.9803,-71.4606,31.3,52,6,1.23
408,Nemuro,JP,2021-07-28 07:14:53,43.3236,145.575,69.49,92,18,10.69
409,Manokwari,ID,2021-07-28 07:14:54,-0.8667,134.0833,83.52,75,100,8.34
410,Dillon,US,2021-07-28 07:14:54,34.4166,-79.3712,80.26,92,100,4.36
411,Barra Dos Coqueiros,BR,2021-07-28 07:14:54,-10.9089,-37.0386,73.42,88,75,0.0
412,Okhotsk,RU,2021-07-28 07:14:55,59.3833,143.3,61.54,72,69,14.99
413,Zeya,RU,2021-07-28 07:14:55,53.75,127.2667,75.4,90,86,4.94
414,Godda,IN,2021-07-28 07:14:55,24.8333,87.2167,90.46,65,98,5.57
415,Vincennes,FR,2021-07-28 07:14:56,48.85,2.4333,63.0,89,0,10.36
416,Cayenne,GF,2021-07-28 07:14:56,4.9333,-52.3333,79.09,86,20,1.14
417,Ostrovnoy,RU,2021-07-28 07:14:56,68.0531,39.5131,47.16,89,98,11.74
418,Honningsvag,NO,2021-07-28 07:14:57,70.9821,25.9704,47.95,81,75,2.3
419,Bairiki,KI,2021-07-28 07:14:57,1.3292,172.9752,84.2,74,75,4.61
420,Nerchinskiy Zavod,RU,2021-07-28 07:14:58,51.3088,119.61,71.8,76,37,6.33
421,Sergeyevka,KZ,2021-07-28 07:14:58,53.88,67.4158,68.32,56,100,8.08
422,Salumbar,IN,2021-07-28 07:14:59,24.1333,74.05,81.88,69,100,19.53
423,Sept-Iles,CA,2021-07-28 07:10:01,50.2001,-66.3821,57.06,77,78,5.01
424,Huancavelica,PE,2021-07-28 07:14:59,-12.7667,-74.9833,36.72,79,97,4.45
425,Roald,NO,2021-07-28 07:14:59,62.5833,6.1333,68.05,88,75,3.44
426,Camacha,PT,2021-07-28 07:15:00,33.0833,-16.3333,70.54,78,75,12.66
427,Bintulu,MY,2021-07-28 07:15:00,3.1667,113.0333,88.81,61,34,8.25
428,Cabul-An,PH,2021-07-28 07:15:01,10.15,124.05,87.76,65,73,17.63
429,Kutum,SD,2021-07-28 07:15:01,14.2,24.6667,67.77,82,100,15.32
430,Alindao,CF,2021-07-28 07:15:02,5.0267,21.2088,72.36,87,100,2.73
431,Jiujiang,CN,2021-07-28 07:15:03,29.7333,115.9833,82.15,85,89,15.28
432,Puerto Leguizamo,CO,2021-07-28 07:15:04,-0.1934,-74.7819,69.76,99,98,1.63
433,Zhangye,CN,2021-07-28 07:15:04,38.9342,100.4517,92.93,10,13,12.86
434,Norman,US,2021-07-28 07:15:05,35.2226,-97.4395,80.96,82,1,4.61
435,Goderich,CA,2021-07-28 07:15:05,43.7501,-81.7165,65.91,82,10,8.7
436,Englewood,US,2021-07-28 07:15:06,39.6478,-104.9878,78.15,48,1,1.99
437,Mitu,CO,2021-07-28 07:15:07,1.1983,-70.1733,70.54,99,100,1.1
438,Sobolevo,RU,2021-07-28 07:15:07,54.4299,31.8996,66.51,92,100,7.7
439,Yumen,CN,2021-07-28 07:15:08,40.2833,97.2,91.71,10,0,7.09
440,Nelson Bay,AU,2021-07-28 07:15:08,-32.7167,152.15,72.95,47,63,10.31
441,Vardo,NO,2021-07-28 07:15:09,70.3705,31.1107,50.2,93,75,8.05
442,Trinidad,BO,2021-07-28 07:15:09,-14.8333,-64.9,62.28,29,12,9.64
443,North Platte,US,2021-07-28 07:14:27,41.1239,-100.7654,80.49,69,1,5.99
444,Viytivka,UA,2021-07-28 07:15:10,48.426,29.5429,80.96,58,57,6.38
445,Lamu,KE,2021-07-28 07:15:10,-2.2717,40.902,79.02,70,95,17.38
446,Kasama,ZM,2021-07-28 07:15:10,-10.2129,31.1808,60.33,48,16,8.81
447,Austin,US,2021-07-28 07:14:13,30.2672,-97.7431,83.89,76,1,3.44
448,Bure,ET,2021-07-28 07:15:11,10.7,37.0667,62.4,89,100,2.21
449,Coahuayana,MX,2021-07-28 07:15:11,18.7333,-103.6833,76.71,94,98,3.53
450,Aldan,RU,2021-07-28 07:15:11,58.6031,125.3894,72.77,46,5,8.01
451,Les Cayes,HT,2021-07-28 07:15:12,18.2,-73.75,78.78,85,78,1.95
452,Aden,YE,2021-07-28 07:15:12,12.7794,45.0367,84.04,70,59,8.1
453,Carauari,BR,2021-07-28 07:15:13,-4.8828,-66.8958,73.18,84,40,1.97
454,Ayan,RU,2021-07-28 07:15:13,56.45,138.1667,61.47,90,60,9.04
455,Quatre Cocos,MU,2021-07-28 07:15:13,-20.2078,57.7625,68.09,81,99,21.9
456,Pitkyaranta,RU,2021-07-28 07:15:14,61.5734,31.4792,69.71,60,100,7.29
457,Gigmoto,PH,2021-07-28 07:15:14,13.7796,124.39,87.62,69,100,15.66
458,Shirokiy,RU,2021-07-28 07:15:14,49.758,129.523,82.94,70,100,9.84
459,Nuuk,GL,2021-07-28 07:15:15,64.1835,-51.7216,49.87,66,94,10.36
460,Garden City,US,2021-07-28 07:15:16,42.3256,-83.331,72.0,89,90,0.0
461,Sorland,NO,2021-07-28 07:15:16,67.667,12.6934,62.67,90,10,11.3
462,Yate,GB,2021-07-28 07:15:16,51.5407,-2.4184,61.88,93,89,1.99
463,Odweyne,SO,2021-07-28 07:15:17,9.4092,45.064,72.81,61,100,27.85
464,Tulagi,SB,2021-07-28 07:15:17,-9.0996,160.1476,83.32,73,99,17.76
465,Mathbaria,BD,2021-07-28 07:15:17,22.2876,89.9593,78.31,95,100,11.9
466,Whitehorse,CA,2021-07-28 07:15:02,60.7161,-135.0538,46.09,85,27,4.94
467,Harrisonburg,US,2021-07-28 07:10:19,38.4496,-78.8689,71.38,78,1,0.0
468,Fare,PF,2021-07-28 07:15:18,-16.7,-151.0167,78.85,69,18,6.98
469,Panlaitan,PH,2021-07-28 07:15:18,12.1191,119.8486,83.98,81,100,20.47
470,Dondo,MZ,2021-07-28 07:15:19,-19.6094,34.7431,71.11,62,44,3.0
471,Amahai,ID,2021-07-28 07:15:19,-3.3333,128.9167,82.29,80,90,7.23
472,Beloha,MG,2021-07-28 07:15:19,-25.1667,45.05,68.31,66,87,15.66
473,Moranbah,AU,2021-07-28 07:15:20,-22.0016,148.0466,78.03,34,7,4.18
474,Dingle,PH,2021-07-28 07:15:20,10.9995,122.6711,85.75,71,33,18.01
475,Yamethin,MM,2021-07-28 07:15:21,20.4333,96.15,75.33,93,100,10.54
476,Port Hardy,CA,2021-07-28 07:15:05,50.6996,-127.4199,56.86,82,23,2.86
477,Ust-Ilimsk,RU,2021-07-28 07:15:21,58.0006,102.6619,92.88,22,11,3.42
478,Portland,US,2021-07-28 07:13:51,45.5234,-122.6762,72.37,64,20,5.75
479,Shafranovo,RU,2021-07-28 07:15:22,53.9667,54.7667,67.37,40,18,12.71
480,Isangel,VU,2021-07-28 07:15:22,-19.55,169.2667,69.98,66,2,11.74
481,Port Lincoln,AU,2021-07-28 07:15:22,-34.7333,135.8667,55.58,57,5,20.11
482,Calawag,PH,2021-07-28 07:15:23,10.6697,119.5707,87.66,63,94,13.2
483,Ahuimanu,US,2021-07-28 07:15:23,21.4447,-157.8378,78.51,70,40,9.22
484,Comodoro Rivadavia,AR,2021-07-28 07:15:01,-45.8667,-67.5,44.46,49,0,14.97
485,Portales,US,2021-07-28 07:11:39,34.1862,-103.3344,78.96,36,87,6.42
486,Lubumbashi,CD,2021-07-28 07:15:24,-11.6609,27.4794,58.6,42,100,9.55
487,Rocha,UY,2021-07-28 07:15:24,-34.4833,-54.3333,44.89,66,100,16.33
488,Puerto Narino,CO,2021-07-28 07:15:25,-3.7703,-70.3831,71.55,90,98,1.68
489,Banda Aceh,ID,2021-07-28 07:15:25,5.5577,95.3222,87.26,63,17,17.58
490,Korem,ET,2021-07-28 07:15:26,12.5058,39.5228,65.66,60,100,1.61
491,Edd,ER,2021-07-28 07:15:26,13.9297,41.6925,92.26,56,98,3.15
492,Mehamn,NO,2021-07-28 07:15:26,71.0357,27.8492,48.38,82,100,8.68
493,Mackay,AU,2021-07-28 07:15:27,-21.15,149.2,73.69,69,50,8.1
494,Spring Valley,US,2021-07-28 07:12:06,36.108,-115.245,89.78,30,75,4.61
495,Ampanihy,MG,2021-07-28 07:15:27,-24.7,44.75,67.57,64,83,15.48
496,Urubicha,BO,2021-07-28 07:15:28,-15.3833,-62.95,57.81,35,30,7.0
497,Kibungo,RW,2021-07-28 07:15:28,-2.1597,30.5427,65.32,44,99,4.59
498,Soyo,AO,2021-07-28 07:15:28,-6.1349,12.3689,73.62,82,100,6.73
499,Caxito,AO,2021-07-28 07:15:29,-8.5785,13.6643,72.27,75,100,3.27
500,Petropavlovsk-Kamchatskiy,RU,2021-07-28 07:15:29,53.0452,158.6483,79.39,47,0,11.18
501,Hoi An,VN,2021-07-28 07:15:29,15.8794,108.335,94.96,52,96,5.41
502,Taber,CA,2021-07-28 07:13:00,49.8167,-112.1518,70.29,42,99,7.52
503,Bucerias,MX,2021-07-28 07:14:44,20.75,-105.3333,78.98,91,100,2.86
504,Nueve De Julio,AR,2021-07-28 07:11:40,-35.4444,-60.8831,35.71,69,7,15.12
505,Maldonado,UY,2021-07-28 07:15:30,-34.6667,-54.9167,46.22,68,100,17.52
506,Bloemfontein,ZA,2021-07-28 07:15:31,-29.1211,26.214,40.48,52,0,2.3
507,Berbera,SO,2021-07-28 07:15:31,10.4396,45.0143,92.75,39,26,34.67
508,Estrela,BR,2021-07-28 07:15:31,-28.0611,-50.9383,29.91,78,4,6.31
509,Seaford,GB,2021-07-28 07:15:32,50.7714,0.1027,65.16,94,7,8.01
510,Ulladulla,AU,2021-07-28 07:15:32,-35.35,150.4667,63.88,58,100,13.29
511,Keshabpur,BD,2021-07-28 07:15:32,22.9183,89.2112,82.02,88,100,9.31
512,Hirara,JP,2021-07-28 07:15:33,24.8,125.2833,87.66,84,75,12.66
513,Palmer,US,2021-07-28 07:15:33,42.1584,-72.3287,67.37,83,90,3.44
514,Taltal,CL,2021-07-28 07:15:34,-25.4,-70.4833,55.06,73,27,1.88
515,Harper,LR,2021-07-28 07:15:34,4.375,-7.7169,76.21,75,100,7.31
516,Nuevo Progreso,MX,2021-07-28 07:15:34,23.1667,-97.95,78.6,86,90,1.72
517,Kalinovskaya,RU,2021-07-28 07:15:35,43.5758,45.5192,63.68,88,100,5.48
518,Komsomolskiy,UZ,2021-07-28 07:15:35,40.4272,71.7189,90.32,27,0,11.5
519,Santo Domingo,DO,2021-07-28 07:15:24,18.5001,-69.9886,74.88,91,30,6.49
520,Springfield,US,2021-07-28 07:10:57,37.2153,-93.2982,78.66,94,1,0.0
521,Sarkand,KZ,2021-07-28 07:15:36,45.41,79.9186,82.24,26,1,11.72
522,Varhaug,NO,2021-07-28 07:15:36,58.6147,5.6457,64.47,86,55,14.92
523,Kankakee,US,2021-07-28 07:15:36,41.15,-87.8667,74.91,100,1,0.0
524,Hovd,MN,2021-07-28 07:15:37,48.0056,91.6419,83.52,15,8,3.47
525,Chekhov,RU,2021-07-28 07:15:37,55.1431,37.4711,70.86,64,100,3.94
526,Le Mars,US,2021-07-28 07:15:38,42.7942,-96.1656,79.77,94,1,5.75
527,Sinegorye,RU,2021-07-28 07:15:38,62.0788,150.477,49.19,60,100,7.94
528,Lampazos De Naranjo,MX,2021-07-28 07:15:38,27.0167,-100.5167,83.48,45,95,7.52
529,Batemans Bay,AU,2021-07-28 07:15:39,-35.7167,150.1833,64.9,60,95,10.49
